rating,loves_count,reviews_num,size_price_ratio,brand_size,brand_encoded,hierarchy_2_encoded
4.0181,18325,719.0,15.294117647058824,63,15,9
4.398,46140,1015.0,3.134328358208955,63,15,0
4.1654,51136,1052.0,5.9523809523809526,63,15,0
4.3684,6099,38.0,57.05882352941177,40,104,6
4.1667,11997,288.0,5.4,63,15,0
4.0017,22129,590.0,34.705882352941174,63,15,6
4.2934,67104,910.0,29.090909090909093,26,38,4
4.4286,19122,399.0,9.047619047619047,17,69,0
3.9323,18804,251.0,18.823529411764707,63,15,8
4.1659,8593,223.0,11.0,31,62,0
4.4538,29192,617.0,32.94117647058824,31,62,9
4.2219,97166,3181.0,28.0,31,62,9
4.1408,18630,710.0,44.70588235294118,31,62,6
3.9296,4727,71.0,280.0,31,62,1
4.6812,7869,69.0,31.0,15,58,9
3.963,3904,27.0,82.0,15,58,1
4.8043,1145,46.0,6.666666666666667,15,58,0
4.4787,20024,282.0,9.411764705882353,63,15,4
4.43,80108,3007.0,39.0,31,62,0
4.3333,5378,33.0,76.0,63,15,1
4.2233,26315,842.0,40.588235294117645,32,81,6
4.3607,164087,5295.0,4.8,17,34,0
4.4615,338965,10031.0,6.333333333333333,17,34,6
4.778,9802,482.0,2.1875,15,58,0
4.3106,29996,573.0,65.0,27,90,9
3.7662,26859,911.0,76.0,63,15,1
4.5931,12355,145.0,6.0,15,58,8
4.0703,35997,1649.0,76.0,63,15,1
4.3754,69422,2419.0,14.0,3,98,3
3.4736,23303,511.0,14.411764705882353,27,90,9
4.086,23247,407.0,128.0,4,8,1
3.5,13281,12.0,180.0,4,8,1
4.6383,197652,4136.0,55.0,4,8,6
4.5198,9827,202.0,3.134328358208955,63,15,0
4.3704,43343,1393.0,3.134328358208955,63,15,0
4.3712,7247,229.0,3.134328358208955,63,15,0
3.8603,10954,408.0,56.0,63,15,9
3.2747,65171,739.0,38.0,27,90,1
4.2425,10239,268.0,7.0,27,0,0
4.3833,11578,240.0,47.0,27,0,6
4.5333,4076,15.0,16.0,15,58,6
4.5348,24178,359.0,52.35294117647059,40,104,6
4.2897,105563,3328.0,5.4,32,87,0
3.9386,104265,1725.0,66.66666666666667,32,87,9
4.0538,28501,502.0,98.0,32,87,1
4.2821,133155,3006.0,1.8666666666666667,26,38,3
4.1364,19356,132.0,16.0,3,98,3
4.4259,13601,108.0,67.0,27,14,6
3.5783,17136,396.0,130.0,40,104,1
4.3328,75142,601.0,61.016949152542374,16,116,6
4.3947,28718,527.0,28.0,27,0,8
4.4114,52868,1850.0,4.8,26,11,6
3.2428,17469,383.0,135.2941176470588,63,15,1
4.5057,75977,1236.0,10.4,27,90,4
4.1331,15951,924.0,20.833333333333332,9,105,0
4.0837,127891,3225.0,39.6,9,105,6
4.4667,3565,60.0,250.0,9,105,6
4.1701,70808,1023.0,16.47058823529412,17,34,6
4.25,3058,24.0,36.470588235294116,22,30,6
4.3113,7354,302.0,38.75,22,30,6
4.2234,15414,94.0,75.29411764705883,22,30,9
4.3931,80569,2422.0,38.82352941176471,4,119,6
3.9067,10591,150.0,118.0,63,15,1
4.4675,36207,477.0,12.647058823529411,63,15,4
4.0077,47803,907.0,111.42857142857143,4,119,1
4.2667,10176,105.0,7.6,32,87,0
4.5369,60288,1719.0,14.411764705882353,27,90,9
4.2532,14429,79.0,79.12087912087912,40,104,4
4.4538,9640,119.0,6.4,22,30,0
4.1333,6376,30.0,4.477611940298507,22,30,0
4.4071,9690,140.0,67.0,27,14,6
3.9179,98890,2180.0,7.738095238095238,63,15,6
3.8646,15560,96.0,44.70588235294118,21,120,6
3.4234,7305,137.0,76.47058823529412,21,120,6
4.345,58355,858.0,68.0,21,120,4
3.4115,9137,243.0,146.0,21,120,9
4.4435,12617,248.0,82.0,27,0,6
4.046,7129,87.0,57.64705882352941,31,62,6
4.1885,31996,541.0,11.0,27,90,4
4.0114,3679,88.0,77.64705882352942,18,24,6
4.1852,4161,54.0,112.59259259259258,18,24,9
4.0849,21476,212.0,38.82352941176471,32,87,6
3.75,5445,52.0,196.0,31,62,1
4.1667,3505,18.0,3.582089552238806,63,15,0
4.475,3154,40.0,10.588235294117647,63,15,6
4.2083,3641,48.0,10.588235294117647,63,15,6
4.725,2875,40.0,5.714285714285714,63,15,0
4.305,21759,600.0,56.0,27,0,6
4.3082,33600,571.0,5.223880597014925,63,15,6
4.2284,61897,1099.0,33.0,63,15,9
3.8175,18565,137.0,8.0,40,104,8
4.5455,5160,11.0,13.529411764705882,63,15,6
4.4723,53281,1641.0,5.4,32,87,0
4.5851,13958,282.0,5.0,15,58,0
3.8805,6784,159.0,67.64705882352942,2,67,6
4.6581,60381,737.0,12.0,27,90,4
4.4545,5311,44.0,83.33333333333333,19,22,6
4.1205,36267,473.0,6.865671641791044,8,112,7
4.4161,27684,161.0,5.833333333333333,40,104,0
3.7759,8644,116.0,148.0,27,0,1
4.0647,12900,340.0,7.6,27,0,0
3.6964,11896,56.0,32.0,4,119,5
4.075,6741,120.0,4.8,63,15,0
4.3146,61116,569.0,25.88235294117647,17,34,6
3.9802,11379,101.0,21.463414634146343,21,120,0
4.1449,77657,490.0,29.090909090909093,26,38,4
3.8092,12332,131.0,120.0,32,87,1
4.0169,11255,237.0,118.0,27,0,9
4.1714,16625,175.0,21.463414634146343,21,120,0
3.8381,7770,105.0,5.9523809523809526,63,15,9
4.1032,23412,407.0,14.0,3,98,3
4.4574,33727,387.0,7.0,28,28,0
4.4547,23424,453.0,7.0,28,28,0
4.2063,67404,286.0,76.0,28,28,6
4.0784,185512,2488.0,88.98305084745763,16,116,6
4.7857,11184,28.0,67.0,27,14,6
4.4579,45252,712.0,21.463414634146343,21,120,0
3.485,17317,200.0,17.0,27,90,4
4.3713,24629,544.0,12.0,27,90,4
4.3261,7128,138.0,56.0,63,15,9
4.4362,7804,94.0,9.696969696969697,15,58,6
4.4672,203762,1188.0,16.8,26,11,4
3.3017,36321,643.0,24.0,15,17,8
4.2607,16184,280.0,14.705882352941178,16,116,0
4.2212,21929,321.0,29.5,18,24,0
4.0978,28141,1012.0,119.40298507462686,17,69,1
4.671,7924,155.0,2.4,15,58,0
4.3939,8876,165.0,19.411764705882355,63,15,6
4.2222,2812,9.0,38.23529411764706,63,15,6
4.2391,8614,46.0,38.82352941176471,22,30,6
4.7407,5730,27.0,4.029850746268656,63,15,0
3.9465,220562,2095.0,36.29629629629629,25,121,6
4.5745,8524,94.0,28.0,15,58,6
4.375,30791,88.0,139.70588235294116,25,121,4
4.4773,12993,88.0,5.671641791044776,32,87,0
4.2416,128304,2020.0,25.0,18,48,4
4.2122,77025,1018.0,43.529411764705884,18,48,6
4.3427,27882,248.0,43.529411764705884,18,48,6
3.7157,119671,1998.0,138.46153846153845,28,28,3
4.141,6230,78.0,42.5,27,0,6
4.0753,10761,93.0,140.0,27,0,1
4.462,51370,184.0,98.0,25,121,6
3.6752,49415,1010.0,64.0,63,15,1
4.4325,68215,978.0,11.0,31,62,0
3.6751,154485,1391.0,28.0,6,78,6
3.161,14307,236.0,12.727272727272728,40,104,8
4.2824,390094,3513.0,28.994082840236686,28,28,9
4.2714,11276,70.0,38.75,27,14,6
3.7083,4128,24.0,34.705882352941174,27,14,6
3.7632,6528,76.0,34.705882352941174,27,14,6
4.1111,10245,117.0,56.0,63,15,9
4.0396,21467,631.0,44.70588235294118,31,62,6
3.6667,8545,66.0,24.705882352941178,18,25,8
3.407,10382,86.0,34.0,63,15,8
4.2258,31935,527.0,8.5,8,112,7
4.5,3441,10.0,36.25,27,14,6
4.12,26449,50.0,70.0,8,45,9
4.7988,37850,338.0,28.0,27,14,4
4.2926,29757,352.0,3.5,18,48,0
3.8092,19591,131.0,75.0,21,120,4
4.2656,12011,64.0,44.11764705882353,32,87,6
4.413,7205,46.0,44.11764705882353,32,87,6
4.561,11444,82.0,44.11764705882353,32,87,6
3.6429,4555,42.0,2.514792899408284,63,15,0
4.1276,129380,2327.0,67.79661016949153,16,116,6
4.2394,11352,142.0,4.588235294117647,27,90,0
4.0978,27465,1002.0,14.814814814814813,9,105,0
4.5484,48079,1158.0,92.0,32,81,9
4.25,4496,16.0,31.6,27,14,4
3.4242,19635,132.0,196.0,31,62,1
4.3167,14190,120.0,14.0,31,62,6
3.3333,3162,33.0,144.0,27,0,1
4.1495,5224,107.0,140.625,9,105,6
4.1883,538512,6626.0,4.875,17,135,0
4.45,169077,1480.0,24.0,17,135,6
4.5667,5268,30.0,57.0,1,126,6
4.2828,51091,686.0,142.85714285714286,25,121,3
4.3514,276933,5711.0,71.76470588235294,16,116,9
4.3438,6898,32.0,61.53846153846153,19,22,9
4.187,78101,492.0,185.18518518518516,4,119,2
4.4029,37154,546.0,21.875,19,32,6
4.2157,6349,51.0,46.42857142857142,15,58,1
4.2564,7000,195.0,2.9850746268656714,1,106,0
3.6986,20835,365.0,57.64705882352941,31,62,6
4.2146,82269,1962.0,31.764705882352942,27,90,6
4.444,12111,250.0,47.5,27,0,9
3.9438,24689,160.0,296.55172413793105,63,15,9
4.35,6285,40.0,4000.0,63,15,0
4.0238,21322,252.0,28.75,63,15,6
4.1203,202154,1588.0,85.71428571428572,1,109,3
4.2445,52753,642.0,11.0,31,62,9
4.2899,100030,1704.0,5.384615384615385,21,86,0
4.5474,75141,897.0,11.666666666666666,21,86,0
4.2767,288096,2602.0,47.337278106508876,28,28,4
3.6316,19092,361.0,31.764705882352942,32,87,6
3.9873,17693,158.0,31.764705882352942,15,17,7
4.1442,170002,1401.0,5.714285714285714,26,38,0
4.2371,39128,426.0,30.76923076923077,26,38,6
3.875,9654,112.0,116.0,18,24,1
4.016,21384,1438.0,200.0,25,68,5
4.016,96998,1438.0,200.0,25,68,6
4.0704,5684,71.0,188.23529411764707,25,68,6
4.0,9470,29.0,265.0,25,68,9
3.4333,11182,60.0,540.0,25,68,1
3.9758,21318,124.0,22.619047619047617,25,68,0
4.2093,16198,43.0,182.35294117647058,25,68,4
4.3947,7576,38.0,88.0,25,68,4
4.2464,16148,69.0,70.58823529411765,25,68,8
4.0149,422989,4356.0,42.35294117647059,25,121,6
4.3239,28043,355.0,40.588235294117645,32,81,8
3.9265,49202,626.0,52.0,32,81,9
4.1578,119777,2230.0,85.0,16,116,9
3.9763,114024,5401.0,50.0,17,26,5
3.9913,11710,1146.0,44.0,16,116,6
4.4004,41488,1139.0,72.0,15,64,6
3.9289,18338,253.0,75.0,21,120,4
4.8027,4968,147.0,4.0,15,58,0
4.0571,100290,665.0,41.1764705882353,25,121,4
4.0505,24606,416.0,27.058823529411764,32,87,6
4.3243,4560,37.0,48.0,27,0,6
4.3193,1429910,18361.0,35.714285714285715,9,70,3
4.8571,4050,28.0,3.1666666666666665,15,58,0
4.2561,6913,82.0,33.529411764705884,17,69,6
4.2634,82007,2737.0,92.0,27,14,9
3.0667,5784,90.0,253.33333333333334,31,62,1
3.9366,40584,331.0,9.75,18,48,0
4.2222,5370,63.0,188.23529411764707,25,68,6
4.0233,3143,946.0,41.0,10,57,6
4.3889,10882,54.0,110.0,19,22,9
3.7619,32122,189.0,22.941176470588236,37,63,6
4.4954,47262,327.0,4.935064935064935,37,63,0
4.1823,40844,203.0,5.714285714285714,37,63,0
4.2126,109317,1209.0,57.0,37,63,9
4.2815,28381,238.0,6.440677966101695,37,63,0
3.9134,76990,1812.0,74.0,37,63,1
4.4974,131754,569.0,11.19047619047619,37,63,4
4.303,27904,198.0,5.8,37,63,0
3.8455,85273,932.0,65.0,37,63,9
4.1852,5470,27.0,66.47058823529412,22,30,6
4.4364,9209,55.0,36.470588235294116,22,30,6
4.4977,72160,1296.0,13.529411764705884,46,21,0
4.6765,114670,4792.0,25.384615384615383,46,21,0
4.475,45201,760.0,5.238095238095238,46,21,0
4.3958,22592,331.0,5.238095238095238,46,21,0
4.0789,10426,38.0,89.41176470588236,46,21,1
4.1935,8585,31.0,9.411764705882353,46,21,0
4.5619,14253,315.0,33.0,46,21,0
4.3571,42439,392.0,27.2,46,21,4
4.6229,10074,236.0,55.294117647058826,46,21,6
3.6667,6055,24.0,158.0,46,21,1
4.1456,10373,206.0,138.0,46,21,1
4.4306,15015,209.0,5.238095238095238,46,21,0
4.3121,9216,157.0,52.30769230769231,46,21,9
4.2105,12792,76.0,165.0,21,120,6
3.75,2878,12.0,170.58823529411765,40,104,6
4.0,2156,6.0,193.75,40,104,9
4.0,1011,3.0,108.0,40,104,8
5.0,2684,2.0,158.8235294117647,40,104,8
4.3043,5604,23.0,13.829787234042552,40,104,0
4.8947,5313,19.0,19.298245614035086,40,104,6
4.1316,7081,38.0,254.0983606557377,40,104,1
4.5753,19695,438.0,22.35294117647059,46,21,6
4.1032,59342,562.0,49.504950495049506,12,118,7
4.3207,19266,184.0,5.621301775147929,12,118,7
4.0,17882,98.0,7.100591715976331,12,118,7
4.0606,8330,66.0,7.2485207100591715,12,118,7
4.1636,28486,220.0,4.023668639053255,12,118,7
4.2895,25715,266.0,35.50295857988166,12,118,7
4.0641,67680,1980.0,130.0,16,116,1
3.9215,141804,2827.0,9.2,28,28,0
4.0195,32444,771.0,105.0,27,90,9
3.9947,564701,7224.0,40.23668639053255,28,28,6
4.2353,51314,153.0,110.0,19,22,9
3.9394,9453,66.0,64.70588235294117,19,22,6
3.5752,13977,153.0,110.0,18,25,1
4.4603,26294,428.0,6.8,10,57,0
4.6224,1041090,143.0,9.9,39,124,9
4.4237,213919,760.0,12.1,39,124,9
4.2169,995264,7179.0,6.0,39,124,9
3.7143,350485,2447.0,9.19,39,124,9
4.3735,269084,1751.0,10.9,39,124,6
3.9597,83274,248.0,6.7,39,124,9
4.4787,334056,1385.0,9.19,39,124,9
4.009,232235,885.0,11.5,39,124,9
4.1441,249244,1159.0,15.8,39,124,9
3.3386,154926,1261.0,8.1,39,124,9
4.3232,722270,3521.0,1.625,39,124,0
4.3077,99437,273.0,10.9,39,124,9
3.8198,61702,172.0,20.5,39,124,9
4.5173,47012,4479.0,15.0,63,15,5
4.2426,63707,882.0,100.0,19,32,3
4.3616,12568,224.0,32.94117647058824,46,21,6
4.0307,56561,913.0,5.8,19,32,0
4.1345,78423,1264.0,4.705882352941177,12,95,0
4.5385,4467,13.0,62.1301775147929,9,105,6
4.0,7733,9.0,63.125,27,14,6
4.3913,9062,23.0,220.0,25,68,5
3.7277,36889,437.0,1.2352941176470589,15,64,1
3.9446,60747,704.0,4.733727810650888,17,7,0
3.6003,63022,668.0,112.0,17,7,1
4.5203,78198,517.0,10.0,17,7,6
3.7692,4463,13.0,7.966101694915253,19,22,6
3.4242,9000,33.0,124.0,19,22,1
3.9438,12347,356.0,136.0,27,90,1
3.8333,10631,162.0,6.567164179104477,8,112,7
3.8785,39213,428.0,12.222222222222221,8,112,7
4.3478,2697,23.0,13.529411764705882,15,17,7
4.4135,6750,104.0,88.0,32,81,6
3.6809,10866,141.0,200.0,25,68,6
4.0,4515,11.0,200.0,25,68,5
3.7244,162600,1524.0,128.0,28,28,1
4.0089,46556,673.0,4.477611940298507,26,11,0
4.2778,26028,486.0,6.0,26,11,0
3.5455,9451,11.0,14.0,15,17,8
4.4184,43134,803.0,48.0,15,17,8
4.2091,8209,110.0,29.411764705882355,18,24,9
3.871,17617,248.0,44.0,18,24,4
4.1163,6485,43.0,98.0,27,0,9
4.2126,35373,1209.0,60.0,37,63,5
3.9557,21711,271.0,21.463414634146343,21,120,0
4.4594,125685,1121.0,49.0,17,135,6
4.1866,10900,268.0,28.823529411764707,32,81,9
4.3216,109800,3004.0,30.58823529411765,21,86,6
4.0417,5812,24.0,56.470588235294116,27,14,6
2.1429,2430,7.0,5.177514792899409,12,118,7
4.5274,107746,1532.0,13.666666666666666,21,86,4
4.2857,3917,14.0,10.588235294117647,10,57,5
3.9348,218502,2990.0,28.712871287128714,5,56,7
3.7072,76862,1103.0,4.733727810650888,5,56,7
4.119,30143,580.0,6.428571428571428,63,15,0
3.0995,35539,201.0,49.99999999999999,63,15,0
4.2996,14080,267.0,58.0,9,79,9
4.0747,44048,549.0,15.384615384615385,15,64,4
3.5287,37265,157.0,2.75,18,48,11
3.8495,101830,1462.0,43.51851851851852,10,57,6
3.6875,3858,16.0,10.0,40,104,6
4.3148,8164,54.0,8.181818181818182,40,104,0
4.184,15202,125.0,7.82608695652174,40,104,0
4.3043,6410,23.0,8.571428571428571,40,104,0
4.2188,11267,32.0,40.0,26,38,5
4.3167,19639,1339.0,31.764705882352942,32,87,6
4.3375,12025,403.0,31.764705882352942,32,87,6
4.443,2154,298.0,42.35294117647059,18,24,9
4.1758,90176,2304.0,35.50295857988166,17,7,6
4.5084,53490,1013.0,15.019762845849803,4,5,6
3.8495,121697,578.0,24.705882352941178,21,42,5
4.1988,29893,1036.0,30.58823529411765,12,95,6
3.8529,4286,34.0,20.414201183431953,12,118,7
4.3775,34430,1184.0,82.35294117647058,15,64,5
4.2283,3325,184.0,20.58823529411765,10,82,6
4.6216,3980,148.0,39.0,10,82,9
4.2519,8210,131.0,38.80597014925373,10,82,1
4.1319,73227,364.0,8.181818181818182,26,38,5
3.8041,113508,1205.0,6.284658040665434,21,42,0
4.5209,44811,764.0,53.92156862745098,12,95,6
4.3085,91800,4275.0,60.0,12,13,6
3.4231,10066,130.0,110.0,31,62,9
3.8391,53378,976.0,7.0,16,116,0
4.4033,60112,1287.0,34.11764705882353,12,95,4
4.2118,72948,543.0,85.0,16,116,9
4.3936,14243,94.0,6.5,12,4,0
4.4865,5373,37.0,95.0,12,4,9
3.4353,16522,85.0,78.0,12,4,3
4.0,4478,13.0,70.0,12,4,6
3.7955,5814,44.0,75.88235294117648,12,4,6
3.641,60772,273.0,9.761904761904761,63,15,6
3.9167,7196,36.0,55.88235294117647,18,24,6
4.2286,4898,105.0,10.285714285714286,18,24,0
4.1867,191117,3000.0,5.384615384615385,21,86,0
4.375,5337,32.0,95.0,21,120,4
3.2976,55413,1401.0,11.333333333333334,28,28,8
3.2641,46271,871.0,18.0,28,28,8
4.5376,35855,1330.0,49.0,27,0,6
3.3056,12925,144.0,76.0,63,15,1
4.1378,18955,225.0,55.0,37,63,6
4.3675,21278,283.0,17.0,31,62,9
4.5224,20271,201.0,11.0,31,62,0
3.985,44901,133.0,19.0,32,87,5
4.6199,107009,1773.0,13.6,32,87,4
4.4505,31673,111.0,19.0,32,87,5
4.3936,82505,1006.0,13.6,32,87,4
3.9333,4098,30.0,42.94117647058824,32,87,6
4.4922,43682,1662.0,13.6,32,87,4
4.0982,28856,112.0,19.0,32,87,5
4.0765,28455,536.0,1.7333333333333334,26,38,3
4.3117,278565,2531.0,26.0,17,135,4
4.0949,534891,3624.0,42.35294117647059,25,121,6
4.1891,153021,6616.0,8.0,17,135,5
4.1996,138957,1638.0,89.0,25,121,9
3.36,6297,25.0,66.47058823529412,22,30,6
3.7158,14326,95.0,15.384615384615385,15,64,4
3.7778,13730,81.0,2.6666666666666665,31,76,0
4.5385,7402,39.0,7.647058823529412,31,76,0
3.9714,6060,35.0,10.0,31,76,6
4.0831,73299,433.0,18.0,31,76,9
3.7534,6777,73.0,2.0,31,76,0
4.398,19597,98.0,2.0,31,76,6
3.9667,24476,150.0,2.0,31,76,6
3.7331,52222,341.0,2.0,31,76,6
4.1622,15508,74.0,2.25,31,76,0
4.0938,9434,64.0,2.6666666666666665,31,76,0
3.3077,11930,78.0,40.0,31,76,1
4.0,11470,21.0,10.0,31,76,4
4.3135,42731,185.0,22.857142857142858,31,76,3
3.6452,5544,31.0,14.0,31,76,6
3.9762,5156,42.0,20.0,31,76,0
4.0392,10961,51.0,45.0,31,76,9
4.3939,6861,33.0,21.428571428571427,31,76,9
4.5988,25051,1306.0,90.0,18,25,9
4.222,53431,1072.0,48.0,17,69,6
3.7547,97522,481.0,10.0,21,42,5
4.3216,43553,482.0,50.0,18,48,6
4.5826,21533,1102.0,103.03030303030303,32,81,5
4.0462,45432,195.0,80.0,37,63,3
4.4611,7352,193.0,21.764705882352942,10,82,6
4.3654,12305,104.0,21.176470588235293,15,17,8
4.2093,9859,43.0,7.666666666666667,15,17,7
3.9245,7885,53.0,18.823529411764707,15,17,8
4.154,240805,1227.0,11.462450592885377,21,42,6
4.1724,8179,174.0,40.0,32,81,6
4.4743,22199,641.0,42.35294117647059,32,81,6
4.1328,11021,128.0,92.0,32,81,9
4.6139,9131,360.0,24.84848484848485,32,81,9
4.4975,57639,802.0,6.814814814814815,32,81,0
4.2875,16121,320.0,7.0,32,81,0
4.3275,18376,455.0,50.0,32,81,6
4.5337,120336,712.0,10.4,39,124,9
4.1229,323470,2393.0,4.242424242424242,39,124,9
4.4912,609214,3620.0,9.5,39,124,9
4.4187,61522,246.0,9.19,39,124,9
4.4515,118808,474.0,10.3,39,124,9
4.2745,39270,153.0,11.5,39,124,9
3.914,67151,186.0,10.4,39,124,9
4.0795,50462,176.0,14.8,39,124,9
4.0909,107506,319.0,9.69,39,124,9
4.2992,79483,605.0,16.0,36,122,9
4.3763,190013,2174.0,10.0,36,122,9
4.3025,44663,628.0,10.0,36,122,9
4.3647,223199,1541.0,15.0,36,122,9
2.9963,34985,535.0,13.0,36,122,9
3.8417,233214,2022.0,22.0,36,122,1
4.3453,48672,307.0,4.11764705882353,36,122,0
4.0588,38347,187.0,12.0,36,122,6
4.0614,79702,456.0,10.0,36,122,9
4.354,181466,1980.0,2.6,36,122,0
4.3536,54462,1035.0,15.0,36,122,9
4.5633,16618,245.0,22.35294117647059,27,0,4
3.2,2181,30.0,23.529411764705884,27,0,6
3.9511,37616,777.0,71.0,32,81,9
4.3646,42139,565.0,60.0,18,48,6
4.0748,91565,909.0,67.79661016949153,16,116,6
4.4615,14819,65.0,68.0,2,67,9
4.4419,12391,43.0,75.0,32,87,6
4.1146,23735,253.0,30.58823529411765,12,107,4
4.5535,78781,1149.0,5.0,12,107,0
4.6129,29342,434.0,50.0,12,107,9
4.2869,45776,969.0,88.0,12,107,1
4.5,11765,76.0,6.4,12,107,0
4.3529,4085,17.0,42.94117647058824,32,87,6
3.48,5207,25.0,42.30769230769231,40,104,6
3.3846,8124,39.0,44.11764705882353,40,104,6
4.5482,28967,633.0,96.0,46,21,9
4.475,22730,760.0,8.23529411764706,46,21,5
4.4977,31085,1296.0,15.0,46,21,5
4.3958,20286,331.0,8.23529411764706,46,21,5
4.6765,142884,4791.0,42.22222222222222,46,21,5
4.5631,18667,499.0,22.35294117647059,46,21,6
4.3473,13086,167.0,28.235294117647058,46,21,6
4.3617,6918,141.0,40.588235294117645,46,21,6
3.8086,31213,209.0,250.0,25,68,3
4.1652,65877,1283.0,9.047619047619047,26,38,0
4.1823,8594,181.0,52.35294117647059,46,21,9
3.9896,97961,960.0,68.0,10,115,9
4.3016,20031,703.0,5.545286506469501,4,5,0
3.0952,2655,21.0,75.0,12,4,9
4.2137,22380,393.0,73.0,15,64,9
3.7581,10597,124.0,4.733727810650888,5,56,7
4.2312,54944,333.0,49.0,19,32,6
4.0806,310127,2580.0,36.68639053254438,28,28,6
4.0946,39794,423.0,10.5,17,135,6
4.5695,14977,957.0,45.294117647058826,40,104,6
4.4818,25845,220.0,42.77777777777778,40,104,6
4.5746,7835,181.0,45.294117647058826,40,104,6
3.5625,23960,64.0,391.30434782608694,25,68,3
4.0282,145386,994.0,6.176470588235294,39,124,0
2.8333,2124,12.0,43.529411764705884,63,15,6
3.8776,33916,727.0,6.865671641791044,63,15,6
4.4615,2768,13.0,27.058823529411764,63,15,6
4.2702,19267,1273.0,25.294117647058822,32,87,6
4.4167,22708,384.0,125.0,6,100,9
4.3179,3458,151.0,119.23076923076923,46,21,9
4.6173,20646,554.0,5.238095238095238,46,21,0
4.3621,11799,348.0,77.0,46,21,9
4.0,3157,14.0,8.627450980392158,46,21,0
3.4098,26913,427.0,4.733727810650888,5,56,7
3.9006,20928,322.0,14.117647058823529,37,63,4
3.9379,21530,564.0,28.823529411764707,32,81,6
4.0705,49561,738.0,78.0,32,81,9
3.9406,5091,101.0,85.0,27,0,9
3.9924,15309,131.0,48.51485148514851,12,118,7
4.5082,12724,5075.0,132.35294117647058,17,69,9
4.6528,8701,144.0,165.0,17,69,6
4.5969,7751,129.0,214.2857142857143,17,69,1
3.8814,30384,194.0,10.625,26,38,5
4.0207,41151,145.0,64.0,26,38,5
4.6757,3090,111.0,39.0,10,82,9
3.9737,14511,38.0,1.875,31,76,0
4.1736,31454,121.0,13.0,36,122,9
4.1793,90224,1043.0,10.0,36,122,9
4.0839,115761,1109.0,112.0,17,7,1
3.664,20862,494.0,28.235294117647058,24,117,8
4.3331,48205,1471.0,81.25,19,22,6
4.4158,29381,570.0,14.792899408284024,17,26,6
4.0283,23505,1235.0,38.23529411764706,16,116,6
4.0423,214996,2009.0,84.0,21,42,1
4.2571,6427,70.0,10.857142857142858,18,24,0
4.1538,76193,390.0,7.8,39,124,6
4.2962,180310,719.0,8.11764705882353,39,124,4
4.0703,8712,1166.0,325.0,34,23,9
4.427,5441,267.0,380.0,34,23,9
4.5657,2918,99.0,260.0,34,23,9
4.1484,10188,1004.0,160.0,34,23,9
2.6912,4226,68.0,160.0,34,23,8
3.5556,2025,9.0,320.0,34,23,9
3.6327,3705,49.0,160.0,34,23,9
4.358,5499,1106.0,142.01183431952663,34,23,6
4.2083,3586,24.0,142.01183431952663,34,23,6
4.2644,4957,503.0,300.0,34,23,1
4.1233,7059,73.0,16.0,34,23,0
4.4424,8030,217.0,30.769230769230766,34,23,0
4.7447,6887,282.0,88.75739644970415,34,23,4
3.2609,3039,23.0,142.01183431952663,34,23,6
3.95,2725,20.0,88.75739644970415,34,23,4
4.0556,2817,18.0,260.0,34,23,9
4.125,2929,8.0,110.0,34,23,9
3.7,1476,10.0,16.0,34,23,0
4.4,3412,10.0,30.769230769230766,34,23,0
5.0,2591,5.0,142.01183431952663,34,23,6
4.4286,1789,7.0,136.09467455621302,34,23,6
4.5361,4400,97.0,8.0,9,79,0
4.5862,6068,29.0,45.0,1,2,6
4.5369,22776,1719.0,16.0,27,90,5
3.8235,1612,17.0,142.01183431952663,34,23,6
4.5152,5491,33.0,15.779092702169624,34,23,0
4.1885,11730,191.0,64.70588235294117,31,62,6
4.4372,10024,366.0,44.70588235294118,31,62,6
4.1733,4607,150.0,11.0,31,62,0
4.3482,29962,1077.0,4.444444444444445,4,5,0
4.2678,48655,478.0,4.11764705882353,36,122,0
3.7064,110960,1509.0,26.0,36,122,1
3.902,70149,561.0,17.0,36,122,9
4.2788,39655,312.0,14.0,36,122,9
4.4264,13785,129.0,42.96296296296296,27,0,6
4.3785,6868,177.0,425.0,25,68,9
3.4,2035,15.0,110.0,34,23,9
4.354,11824,1627.0,6.0,27,90,5
4.2345,46865,307.0,34.11764705882353,18,48,9
3.9138,4874,116.0,34.11764705882353,9,79,6
2.8182,7826,11.0,90.0,12,13,6
4.0694,16829,72.0,9.0,18,48,6
4.1426,12530,512.0,7.1604938271604945,17,26,0
4.2621,9865,477.0,7.407407407407407,17,26,0
4.2448,17219,629.0,20.710059171597635,17,26,6
4.3182,7687,22.0,160.0,19,22,1
4.4977,9534,661.0,79.41176470588235,19,22,6
3.9405,10892,84.0,142.0,18,24,9
4.6711,5051,149.0,120.0,18,24,9
4.2189,37228,1681.0,22.35294117647059,6,78,6
4.4204,19274,804.0,7.5,6,78,0
4.5604,45410,439.0,12.727272727272728,9,79,9
4.14,101013,1157.0,31.952662721893493,28,28,4
3.6,24452,95.0,50.0,63,15,9
3.6598,6620,97.0,24.28571428571429,63,15,8
4.2518,51219,552.0,6.6,21,86,0
4.3768,78779,990.0,64.35643564356435,17,7,9
3.5857,28780,461.0,80.0,24,117,1
3.7848,263407,1408.0,90.625,25,121,3
4.3746,54796,1364.0,174.99999999999997,25,121,9
4.0149,39456,4356.0,67.6470588235294,25,121,5
4.2,370616,3615.0,19.2,24,117,8
4.1875,9946,208.0,39.411764705882355,18,24,8
4.52,31540,950.0,148.0,46,21,1
4.5357,7246,28.0,8.823529411764707,46,21,0
4.3766,5559,316.0,88.0,46,21,6
4.4753,19555,2148.0,73.52941176470588,11,43,0
4.4753,16603,2148.0,84.0,11,43,5
4.4986,30389,365.0,178.0,32,81,1
4.6123,26693,454.0,52.35294117647059,32,81,6
4.2465,32749,361.0,88.0,32,81,9
4.0471,23997,297.0,138.0,32,81,1
3.8558,38195,319.0,4.0,24,117,8
4.0595,18611,1160.0,10.0,24,117,5
3.9379,95097,854.0,42.85714285714286,24,117,8
4.4421,17176,423.0,32.0,10,57,6
4.3341,7948,413.0,68.0,1,92,6
3.0,3091,2.0,115.625,40,104,9
4.4668,57513,2982.0,10.0,40,104,8
4.3667,11392,390.0,28.823529411764707,46,21,8
4.0155,78985,1423.0,25.88235294117647,19,32,6
4.4211,102748,938.0,8.5,19,32,0
3.3182,7607,22.0,4.0,24,117,8
4.0595,73361,1160.0,6.545454545454546,24,117,8
4.5769,5880,52.0,326.73267326732673,34,23,9
4.427,4274,267.0,393.93939393939394,34,23,5
4.1484,9864,1004.0,181.8181818181818,34,23,5
4.0703,5787,1166.0,333.3333333333333,34,23,5
4.5194,21801,670.0,35.294117647058826,12,1,6
4.2594,14223,320.0,124.0,12,1,1
4.4444,13095,189.0,34.705882352941174,12,1,9
4.3906,14774,192.0,9.0,12,1,0
4.3946,10275,555.0,73.26732673267327,15,64,9
4.5657,42590,4211.0,5.522682445759369,8,65,0
4.4474,8906,38.0,2.0,31,76,6
4.3951,15412,81.0,4.666666666666667,15,17,8
3.9557,4596,271.0,27.058823529411764,21,120,5
4.078,109453,1038.0,16.0,36,122,9
3.7399,76956,888.0,10.0,36,122,6
4.0679,61657,324.0,5.882352941176471,36,122,6
3.6777,150531,4524.0,2.6,36,122,0
4.2647,72390,238.0,9.428571428571429,39,124,9
4.2512,83133,203.0,8.1,39,124,9
4.4842,61875,221.0,23.0,39,124,9
4.1618,48637,272.0,12.2,39,124,9
4.2467,71169,2432.0,11.538461538461538,11,134,0
3.58,8439,50.0,20.76923076923077,10,57,6
4.1978,142832,2255.0,100.0,26,38,3
4.1622,12086,111.0,56.666666666666664,27,0,9
4.5447,238920,2607.0,9.467455621301776,7,55,8
4.5,19277,156.0,3.2544378698224854,7,55,0
4.2467,44474,2432.0,15.555555555555555,11,134,5
4.2553,14329,94.0,6.299212598425196,8,65,5
4.5067,13034,521.0,16.272189349112427,8,65,4
4.3457,10125,3118.0,31.11111111111111,8,65,6
4.3515,11483,1431.0,37.03703703703704,8,65,6
3.9878,4844,164.0,121.56862745098039,8,65,1
4.2462,30134,329.0,21.176470588235293,17,34,6
4.1417,21692,480.0,32.35294117647059,12,95,6
4.2476,8531,614.0,20.0,40,104,8
4.2355,69213,1049.0,88.0,6,103,9
4.5162,13057,370.0,7.6,6,103,0
4.1091,9132,165.0,19.2,6,103,6
4.6774,12093,279.0,49.0,27,14,6
4.3235,6791,204.0,40.588235294117645,12,4,6
4.1846,27020,677.0,22.164948453608247,11,134,6
3.9881,19910,337.0,540.0,25,68,1
4.5909,3936,22.0,93.33333333333333,40,104,6
4.3049,7400,633.0,114.28571428571428,17,26,4
4.3049,11630,633.0,114.28571428571428,17,26,4
4.3049,12504,633.0,114.28571428571428,17,26,4
4.4173,39205,520.0,23.668639053254438,17,26,8
4.3049,4850,633.0,114.28571428571428,17,26,4
4.4229,19686,350.0,13.017751479289942,17,26,8
3.7167,82950,833.0,10.0,23,101,3
4.3878,12044,410.0,6.716417910447761,8,112,7
3.6897,7925,29.0,5.538461538461538,24,117,8
3.7083,7352,48.0,9.664694280078894,12,118,7
3.833,98424,1138.0,68.0,21,86,9
4.2778,549949,5863.0,6.903353057199211,21,42,0
4.1546,81035,1177.0,115.0,12,13,9
3.0353,84352,85.0,111.1111111111111,12,13,5
4.4523,24340,398.0,29.411764705882355,17,34,9
4.3534,16636,365.0,40.0,21,120,6
4.6296,10144,162.0,98.0,31,62,9
4.04,3986,25.0,220.0,8,45,1
4.1902,30302,920.0,32.35294117647059,27,90,6
3.4186,6626,43.0,86.0,27,90,1
3.4375,5802,32.0,51.76470588235294,27,90,6
4.4406,7373,320.0,37.64705882352941,46,21,0
4.4915,21515,1060.0,36.68639053254438,15,64,6
3.8235,2435,17.0,23.4375,11,43,0
4.2518,8823,552.0,8.0,21,86,5
4.6832,19736,322.0,9.117647058823529,37,63,0
4.6118,16601,237.0,2.843601895734597,23,101,0
4.7143,27876,336.0,10.650887573964498,23,101,9
4.3558,73067,1911.0,68.57142857142857,25,121,5
3.5714,8385,112.0,27.058823529411764,63,15,6
4.269,7590,197.0,130.0,6,100,1
4.3282,13167,393.0,60.57692307692307,11,134,6
4.3656,179867,1882.0,28.235294117647058,19,32,6
3.1453,10704,117.0,40.0,16,116,4
4.2024,123075,1556.0,9.411764705882353,21,42,0
4.4179,205915,2089.0,45.0,21,42,9
4.581,7782,938.0,75.0,40,104,9
4.5136,15501,623.0,42.0,18,25,9
4.0,9159,23.0,24.0,31,62,5
4.0442,8689,113.0,32.94117647058824,18,24,6
4.3476,33407,912.0,5.777777777777778,32,81,0
3.735,25233,117.0,28.235294117647058,16,116,6
4.3383,44984,665.0,7.6923076923076925,18,48,0
4.3117,92955,2531.0,36.0,17,135,5
4.3161,31295,2164.0,36.0,17,135,5
4.0488,14986,2480.0,132.35294117647058,22,30,9
4.0492,89379,2479.0,73.52941176470588,22,30,9
4.0492,33616,2479.0,83.33333333333334,22,30,5
4.2824,3489,740.0,57.64705882352941,11,43,6
4.557,29180,605.0,184.0,27,14,1
3.5,2889,6.0,30.0,31,76,9
3.2,2257,15.0,17.333333333333332,31,76,6
3.5,2855,4.0,11.0,31,76,4
4.358,2741,1106.0,150.0,34,23,6
4.2155,14417,181.0,44.70588235294118,37,63,6
4.5185,13751,54.0,13.823529411764707,37,63,4
4.2561,14330,82.0,0.3466666666666667,17,34,9
4.3303,179383,1520.0,73.26732673267327,17,7,6
4.4707,242759,2764.0,10.0,25,121,0
3.875,3342,8.0,170.0,40,104,1
3.7521,58298,593.0,96.0,17,135,1
4.2628,37394,1054.0,3.5,28,28,0
4.5009,9519,573.0,575.0,25,68,9
4.5,7840,24.0,440.0,25,68,5
4.4745,27826,274.0,48.0,32,87,9
4.2566,7734,834.0,17.0,8,45,0
4.0747,17208,549.0,18.0,15,64,5
4.92,12663,25.0,22.69230769230769,46,21,0
3.6682,85573,223.0,44.0,28,28,5
3.7143,3021,7.0,1.875,31,76,0
4.0,2051,5.0,36.0,31,76,9
4.1352,22337,1265.0,6.470588235294118,12,95,0
4.6571,6772,525.0,48.23529411764706,1,27,6
4.2012,20598,169.0,26.865671641791042,23,101,1
4.2473,110438,1096.0,72.0,17,135,9
4.3035,47314,659.0,65.0,17,7,9
4.5365,32714,397.0,32.94117647058824,12,1,4
4.3093,577201,2797.0,38.0,28,28,9
4.428,10952,722.0,6.865671641791044,26,38,0
4.304,712872,3983.0,25.925925925925924,21,42,9
4.6085,22753,447.0,47.0,11,134,9
3.7407,1569,27.0,10.69078947368421,11,43,6
3.8621,38614,689.0,12.612612612612612,28,28,6
4.3305,54385,696.0,35.0,9,70,6
4.6191,95327,1423.0,89.0,25,121,9
4.5635,49141,1315.0,11.666666666666666,21,86,0
4.0633,47338,158.0,56.0,21,86,9
4.3567,23836,684.0,83.0,32,81,9
4.6279,5036,43.0,7.450980392156863,12,95,0
4.4447,79625,931.0,26.47058823529412,10,115,6
4.0302,22396,199.0,28.148148148148145,1,99,8
4.6766,6076,303.0,40.588235294117645,46,21,4
4.3735,7442,83.0,141.3793103448276,6,49,1
4.4211,2164,57.0,14.054054054054053,6,49,0
4.7692,4120,52.0,16.25,6,49,6
3.6497,29913,197.0,42.0,17,34,9
4.4964,71272,685.0,25.88235294117647,17,34,6
4.5,48530,574.0,5.8,19,32,0
4.048,7942,396.0,7.8,6,60,0
4.1323,8580,461.0,98.0,6,60,1
4.1295,6170,471.0,32.35294117647059,6,60,6
4.1699,11361,571.0,34.705882352941174,6,60,6
4.0872,16528,998.0,79.0,6,60,9
4.083,61460,506.0,6.122448979591836,18,33,0
3.9644,93770,900.0,23.529411764705884,18,33,6
4.4179,24281,67.0,21.176470588235293,18,33,6
4.0732,43523,205.0,26.47058823529412,18,33,6
5.0,12770,14.0,23.529411764705884,18,33,6
4.0313,45702,96.0,84.84848484848484,28,28,5
4.1648,21712,182.0,6.0,26,11,0
4.2475,23424,202.0,4.477611940298507,26,11,0
4.2767,15854,206.0,4.477611940298507,26,11,0
3.9063,20206,64.0,44.0,25,88,9
4.2095,56693,506.0,19.0,25,88,8
4.3973,18443,73.0,6.75,25,88,0
4.5878,46922,262.0,3.59375,25,88,0
4.6655,56241,275.0,6.75,25,88,0
4.386,23567,114.0,16.0,25,88,6
4.7907,18058,86.0,10.222222222222221,25,88,9
4.6515,18507,66.0,8.75,25,88,0
4.05,39590,100.0,3.1666666666666665,25,88,0
4.4821,50014,336.0,77.61194029850746,25,88,9
4.5236,85004,403.0,64.0,25,88,9
4.5948,58863,269.0,39.0,25,88,9
3.9829,101643,527.0,82.08955223880596,25,88,9
4.3583,454568,1803.0,8.75,25,88,0
4.4379,38805,153.0,44.0,25,88,9
4.0945,308593,783.0,13.0,25,88,5
4.1605,23708,162.0,19.0,25,88,8
4.5457,3909,678.0,79.41176470588235,19,22,6
4.3751,11345,1101.0,126.86567164179104,19,22,1
4.2778,331640,5863.0,11.851851851851851,21,42,5
4.3741,26232,270.0,12.352941176470589,24,117,8
4.2004,90332,3613.0,32.35294117647059,24,117,5
3.991,92661,444.0,233.33333333333334,24,117,8
4.2388,12651,67.0,34.0,63,15,5
4.2454,53654,1838.0,20.0,63,15,6
4.6061,6442,33.0,5.6,63,15,0
4.0,2378,10.0,10.0,63,15,4
4.8913,27349,46.0,32.544378698224854,4,8,6
3.6399,47563,597.0,48.0,24,117,8
4.1268,33378,71.0,17.0,36,122,9
3.8399,79358,1074.0,28.0,36,122,9
4.6448,13538,853.0,19.0,17,69,6
4.5913,31063,734.0,164.0,17,69,1
4.3169,45193,426.0,2.6,36,122,0
4.5787,4464,216.0,160.0,34,23,9
4.6631,1829,374.0,211.76470588235296,34,23,6
4.3304,341618,3517.0,90.0,28,28,9
4.2982,36080,114.0,9.142857142857144,39,124,9
4.1824,235595,1310.0,74.0,28,28,9
4.4602,73809,1130.0,82.0,28,28,9
4.0886,42483,79.0,8.0,28,28,5
3.0625,14474,32.0,70.0,37,63,5
4.3447,2544,206.0,56.470588235294116,27,14,6
3.7368,5957,19.0,4.477611940298507,27,14,0
3.619,4262,42.0,98.0,11,43,6
4.2222,16110,333.0,136.0,6,103,1
4.2073,22369,386.0,102.0,12,95,1
4.5707,7313,198.0,31.764705882352942,12,95,6
4.4393,8234,173.0,40.588235294117645,10,57,6
4.364,28310,901.0,104.0,21,86,1
4.1563,17211,64.0,18.0,21,86,5
4.4267,4968,232.0,61.0,32,87,9
4.3846,9657,104.0,10.8,32,87,0
4.6192,113659,1673.0,45.714285714285715,40,104,8
5.0,4161,5.0,29.23076923076923,9,79,11
4.0,2214,6.0,120.58823529411765,9,105,6
4.3178,4128,749.0,362.5,9,105,1
3.5,1818,6.0,7.8,27,14,0
4.6413,14766,92.0,30.0,1,19,6
4.3008,20861,256.0,20.0,2,37,6
4.4469,9622,461.0,8.8,15,64,0
4.4449,15068,245.0,4.923076923076923,2,37,0
4.4085,6861,284.0,22.35294117647059,27,90,8
4.2239,13075,853.0,34.32835820895522,27,90,5
3.9219,9370,64.0,2.3668639053254434,7,55,0
2.6667,1936,18.0,7.142857142857142,27,14,0
3.6,2950,30.0,6.666666666666667,27,14,0
4.3824,9708,34.0,48.51485148514851,12,118,7
3.8208,24672,547.0,26.666666666666668,24,117,8
4.3,2337,10.0,15.952380952380953,37,63,6
4.8333,3538,84.0,110.0,31,62,9
4.53,4552,100.0,280.0,31,62,1
4.7143,2638,91.0,140.0,31,62,6
4.704,7805,125.0,98.0,31,62,9
3.3409,7509,88.0,8.23529411764706,36,122,6
3.7966,35841,354.0,31.372549019607842,17,7,3
4.3687,25469,971.0,72.22222222222221,6,78,6
4.2251,119667,822.0,71.42857142857143,9,70,3
4.7489,9704,466.0,11.538461538461538,11,134,0
4.3042,36907,937.0,49.0,19,32,9
4.4084,167366,1572.0,45.0,21,42,9
4.3757,16133,346.0,24.705882352941178,18,25,8
4.416,74526,375.0,19.0,17,135,4
3.9875,28353,80.0,38.0,26,38,6
4.3434,31542,728.0,40.625,26,11,6
4.4071,17983,253.0,43.125,26,11,6
4.6967,4632,122.0,50.0,6,97,6
4.7273,3149,22.0,70.0,6,97,9
4.4,2102,20.0,70.0,6,97,9
4.8182,2677,33.0,70.0,6,97,9
4.1623,19188,191.0,22.35294117647059,27,90,8
4.7563,5781,357.0,148.0,46,21,9
4.223,145703,686.0,26.865671641791042,23,101,1
4.4067,43529,209.0,10.650887573964498,23,101,6
4.3839,16354,224.0,22.941176470588236,37,63,6
4.7243,8903,370.0,32.59259259259259,32,81,9
4.4911,24708,1285.0,26.627218934911244,4,5,6
4.1429,1165,7.0,20.0,15,58,6
4.6686,6363,175.0,38.23529411764706,27,0,6
4.5258,7799,213.0,72.0,27,0,9
3.721,189773,1828.0,22.35294117647059,2,127,9
4.2736,75989,541.0,11.8,26,11,6
4.5605,27116,537.0,9.117647058823529,37,63,6
4.4292,59549,643.0,7.5,17,7,0
4.06,2285,50.0,7.111111111111111,9,79,11
4.4832,72363,536.0,14.201183431952662,23,101,6
4.2977,71056,618.0,10.650887573964498,23,101,6
4.5531,59420,546.0,2.843601895734597,23,101,0
3.7045,32782,396.0,2.843601895734597,23,101,0
4.5328,71565,1997.0,28.75,26,38,6
4.3985,34012,404.0,26.666666666666668,24,117,8
4.1765,10730,136.0,7.0,11,54,0
4.4747,11329,99.0,14.117647058823529,11,54,6
4.5119,42635,463.0,17.647058823529413,11,54,9
4.2,33104,365.0,85.0,11,54,9
4.2908,100158,337.0,85.0,11,54,3
4.3744,53085,681.0,34.0,11,54,9
4.3426,22121,216.0,50.0,18,48,9
4.1149,21617,531.0,176.47058823529412,13,3,6
3.4186,13216,43.0,192.0,13,3,5
4.3349,13812,439.0,185.0,13,3,6
3.6154,8170,26.0,192.0,13,3,5
4.4812,5378,665.0,21.597633136094675,13,3,0
4.0559,4742,823.0,34.11764705882353,11,43,6
4.2204,240049,3203.0,82.0,26,11,9
3.6667,15871,33.0,9.868421052631579,18,33,5
4.4974,39006,569.0,27.36842105263158,37,63,5
4.6598,5170,97.0,20.952380952380953,21,120,0
4.8113,7290,159.0,68.0,21,120,4
4.6735,3526,98.0,76.47058823529412,21,120,6
4.3579,10073,95.0,263.1578947368421,1,40,2
4.6895,19272,190.0,8.285714285714286,25,88,0
4.6194,26833,155.0,55.0,25,88,9
3.7352,129125,287.0,38.0,28,28,9
3.1818,2502,11.0,5.8,32,87,0
4.543,43524,221.0,52.0,26,11,9
4.1832,9640,191.0,28.125,26,11,6
4.2154,12827,1978.0,29.23076923076923,26,11,6
4.0752,18623,532.0,28.125,26,11,6
4.7471,26072,170.0,16.8,26,11,4
4.7278,11555,349.0,14.6875,32,81,9
4.4893,13882,746.0,9.0,32,81,5
4.2465,14458,361.0,90.9090909090909,32,81,5
4.6,20663,420.0,26.666666666666664,7,18,6
4.7561,4889,246.0,7.169811320754717,7,18,0
4.5532,2044,47.0,14.117647058823529,7,18,6
4.7434,11346,226.0,9.019607843137255,7,18,0
4.7534,3588,73.0,19.2,7,18,4
4.5432,10727,278.0,32.0,15,17,8
4.3634,27327,1054.0,30.0,21,86,6
4.25,7299,4.0,41.66666666666667,32,81,8
4.1905,3108,21.0,4.776119402985074,27,90,0
4.3333,5902,15.0,10.784313725490197,27,90,4
4.2592,6745,463.0,25.88235294117647,27,90,9
4.0073,337562,1771.0,0.8297872340425532,28,28,9
4.4759,157731,1889.0,10.0,25,121,0
4.6809,4333,47.0,130.0,15,113,1
4.5397,16011,126.0,75.0,15,113,9
4.6429,3573,56.0,40.588235294117645,15,113,6
4.8125,4413,48.0,58.23529411764706,15,113,9
4.3208,7619,53.0,72.0,15,113,1
4.3261,6177,46.0,72.0,15,113,1
4.6596,4936,94.0,41.0,15,113,6
4.7162,6177,74.0,70.0,15,113,6
4.4318,122399,2515.0,21.568627450980394,25,121,6
4.4279,204082,1776.0,32.38095238095238,25,121,0
4.1475,272892,2448.0,8.0,25,121,0
4.4318,20655,2515.0,32.5,25,121,6
4.7221,16171,349.0,58.0,12,1,9
4.235,18907,234.0,27.058823529411764,18,48,6
5.0,1689,6.0,49.473684210526315,6,49,6
4.055,39995,327.0,7.0,10,115,0
4.6175,5414,183.0,34.5,12,4,9
3.8043,19147,46.0,83.33333333333334,12,118,7
3.9329,33294,313.0,21.764705882352942,19,32,8
3.9933,63201,4639.0,35.0,10,115,4
4.6767,28017,634.0,82.85714285714286,26,38,3
4.1276,149165,854.0,45.0,21,42,9
3.7027,13745,74.0,7.0588235294117645,5,56,7
4.7406,28138,374.0,7.450980392156863,46,21,0
4.6029,9357,277.0,40.588235294117645,46,21,6
4.5725,42196,1766.0,130.0,16,116,1
4.3064,7124,1100.0,164.0,22,30,9
4.4392,7522,189.0,13.017751479289942,15,64,6
4.5529,19454,425.0,96.0,15,64,1
4.1952,5689,1675.0,71.0,63,15,9
3.6,2572,95.0,61.764705882352935,63,15,9
4.622,1973,209.0,15.882352941176471,10,82,9
4.3971,1145,136.0,15.882352941176471,10,82,4
4.4575,53495,494.0,7.0,12,107,0
4.5771,38773,454.0,60.0,12,107,9
4.5305,25930,443.0,76.92307692307692,17,26,1
4.223,17187,982.0,1.2205882352941178,27,14,1
4.5493,46113,1491.0,60.0,21,86,9
4.4891,59618,736.0,65.0,37,63,9
4.0863,9330,313.0,16.47058823529412,6,89,6
4.5587,18699,349.0,22.164948453608247,11,134,6
5.0,594,2.0,2.375,15,58,6
4.3187,42420,863.0,130.0,12,13,1
3.4648,17419,142.0,90.625,12,13,6
4.3085,175443,4275.0,58.82352941176471,12,13,6
4.3085,14700,4275.0,52.0,12,13,6
4.3083,21217,519.0,140.0,12,13,1
4.2857,6696,21.0,2.25,31,76,6
4.6163,6498,172.0,74.0,7,96,9
4.54,10432,200.0,8.0,7,96,0
4.322,50307,1497.0,52.0,26,11,9
4.4387,47210,1003.0,6.0,26,11,0
4.0385,37445,494.0,4.477611940298507,26,11,0
4.3952,23054,167.0,28.148148148148145,26,11,6
3.5333,5088,15.0,57.5,27,14,9
3.0769,1505,13.0,19.047619047619047,34,23,6
4.3186,17971,1384.0,93.75,8,45,6
4.3186,9397,1384.0,110.0,8,45,5
3.8333,1723,12.0,75.0,18,24,6
4.0,3260,15.0,13.0,19,22,0
4.5,3739,20.0,6.333333333333333,6,97,0
3.6667,1445,3.0,7.6,6,103,6
4.5846,18840,455.0,51.48514851485149,8,65,6
4.3442,52831,613.0,4.1420118343195265,17,7,0
4.6253,10806,363.0,73.52941176470588,25,68,6
4.3836,1651415,5555.0,4.8,10,115,3
4.4714,24041,140.0,2.0710059171597632,23,101,6
4.2,2995,20.0,22.72727272727273,4,84,6
4.0714,7572,28.0,16.666666666666668,4,84,6
4.4844,22995,353.0,20.0,23,101,9
4.6477,22338,369.0,20.0,23,101,9
4.4676,47334,447.0,19.801980198019802,23,101,9
4.4641,17330,237.0,20.0,23,101,9
3.8212,170147,548.0,7.5,39,124,9
4.4,30192,340.0,76.0,18,25,9
4.3874,35532,333.0,142.0,18,25,1
4.6848,20405,257.0,87.0,18,25,9
4.6731,4939,104.0,24.705882352941178,9,79,11
4.5251,13813,916.0,68.75,40,104,9
4.5299,4309,268.0,7.450980392156863,12,95,0
4.1,3808,80.0,450.0,13,3,1
3.9341,3763,91.0,400.0,13,3,9
4.3871,61310,248.0,55.0,10,115,6
4.3904,49099,1017.0,10.4,32,87,1
3.2281,21843,57.0,0.8529411764705882,32,87,1
3.8715,28405,389.0,108.57142857142858,24,129,1
3.8325,19953,567.0,5.074626865671641,24,129,0
4.2656,5185,64.0,11.724137931034484,24,129,0
3.8325,9943,567.0,8.284023668639053,24,129,0
4.1528,17737,530.0,38.666666666666664,24,129,6
4.1,2300,50.0,104.0,24,129,1
4.1282,1773,39.0,84.0,24,129,9
4.1528,3935,72.0,15.333333333333334,24,129,0
3.9833,30168,420.0,108.57142857142858,24,129,1
3.6508,9691,63.0,11.76470588235294,24,129,0
4.2979,3015,47.0,69.38775510204081,24,129,9
4.1311,13883,351.0,58.0,24,129,9
3.8814,3212,59.0,42.5,24,129,6
3.0,1322,3.0,28.0,24,129,0
4.1897,10115,195.0,191.30434782608694,24,129,1
4.1728,9950,515.0,56.0,24,129,6
4.3063,37586,839.0,10.588235294117647,19,32,0
4.7534,2862,73.0,12.727272727272728,7,31,0
4.828,3501,186.0,77.0,7,31,9
4.8545,3892,55.0,110.0,7,31,9
4.44,2163,25.0,70.58823529411765,7,31,6
4.5714,3290,77.0,72.0,7,31,6
4.1493,14340,67.0,2.4574669187145557,7,55,0
4.6593,9997,455.0,29.999999999999996,1,44,6
3.5935,32943,679.0,64.0,2,52,8
4.2825,131855,807.0,22.485207100591715,1,77,9
4.0,55341,248.0,17.0,5,128,9
4.4149,5371,94.0,68.0,6,49,1
4.7111,2791,90.0,146.0,21,120,9
4.2,1759,5.0,260.0,21,120,1
3.6777,45539,4524.0,4.11764705882353,36,122,0
4.3169,27927,426.0,4.11764705882353,36,122,0
4.4447,28501,931.0,34.0,10,115,6
4.2308,5522,208.0,100.0,4,123,11
4.8435,9621,230.0,11.764705882352942,27,0,0
4.225,23220,40.0,7.878787878787879,26,38,6
4.3654,41162,1883.0,23.529411764705884,19,32,6
4.3095,22404,294.0,68.0,3,29,9
3.7997,227958,654.0,12.0,5,128,0
4.0191,322548,2142.0,7.0,5,128,0
4.5805,7030,205.0,41.1764705882353,7,96,6
4.3688,4165,385.0,46.0,7,96,9
4.487,18634,154.0,58.0,3,50,9
3.15,10412,20.0,72.0,3,50,5
4.5741,8259,108.0,5.6,3,50,0
4.4876,10180,242.0,28.823529411764707,12,1,6
4.6332,31731,379.0,3.125,11,54,6
4.3741,1736,147.0,19.5,6,83,6
4.2829,2598,258.0,17.5,6,83,9
4.3506,35596,656.0,11.470588235294118,17,135,0
4.2685,30100,257.0,26.0,36,122,9
4.1661,27495,277.0,2.6,36,122,0
4.4781,41638,479.0,13.23529411764706,37,63,4
3.5444,21933,90.0,60.0,17,34,1
4.1766,19980,436.0,46.0,17,26,9
4.1898,27475,332.0,22.22222222222222,17,26,4
4.1596,50510,3209.0,40.0,12,107,6
4.2389,4477,2022.0,116.0,63,15,1
3.2857,1425,7.0,36.0,63,15,9
4.0,3891,5.0,7.0588235294117645,63,15,0
4.4665,33813,343.0,1.2142857142857142,6,89,9
3.3645,12423,107.0,5.2,17,34,0
3.9881,66044,1088.0,21.176470588235293,17,34,6
4.2045,80892,1848.0,18.823529411764707,17,34,6
4.6383,7035,94.0,68.0,31,62,9
4.3194,2511,2793.0,70.0,22,30,6
4.3194,8745,2793.0,71.00591715976331,22,30,6
4.1667,2207,6.0,71.00591715976331,22,30,6
3.3333,1624,6.0,152.0,22,30,1
4.6353,25942,170.0,38.5,18,25,6
4.4901,31181,606.0,120.0,37,63,1
4.4018,17404,331.0,36.470588235294116,37,63,6
3.6667,3499,9.0,48.0,31,76,1
5.0,1914,2.0,18.666666666666668,31,76,8
4.1741,9561,316.0,29.0,6,89,9
4.1903,63693,1030.0,28.235294117647058,12,107,6
4.692,14757,276.0,118.0,46,21,1
4.6954,15575,637.0,25.384615384615383,46,21,0
4.7148,17985,277.0,37.5,18,25,6
4.4927,18432,205.0,136.0,18,25,1
4.5476,9721,126.0,42.35294117647059,18,25,6
3.8131,33279,337.0,85.0,18,25,9
4.7739,4259,314.0,160.0,34,23,9
4.2872,20102,1842.0,144.0,22,30,1
3.8384,1939,458.0,3.4074074074074074,22,30,6
4.5,1811,4.0,70.58823529411765,22,30,6
4.4103,19036,1243.0,85.29411764705883,17,69,9
4.6687,9929,492.0,69.0,32,81,8
4.6923,26644,546.0,45.0,32,81,9
4.569,6794,471.0,65.0,27,90,9
4.8462,3061,26.0,8.0,6,97,0
3.7813,328,32.0,48.23529411764706,18,24,6
4.6389,26382,360.0,26.47058823529412,25,88,6
4.5,3874,8.0,18.0,19,22,6
3.1111,1830,9.0,52.94117647058824,19,22,6
4.0,3056,9.0,52.94117647058824,19,22,6
4.6198,12803,434.0,37.0,25,68,6
4.6198,8243,434.0,38.23529411764706,25,68,6
4.7059,4378,51.0,58.23529411764706,15,113,6
4.4231,14746,52.0,46.470588235294116,15,113,2
4.7143,2405,42.0,58.23529411764706,15,113,6
4.0,3589,6.0,26.216216216216214,13,3,9
4.6408,3035,103.0,176.47058823529412,13,3,6
4.534,8316,103.0,42.35294117647059,18,25,6
4.3108,19120,473.0,5.2,18,25,0
4.0556,2667,216.0,19.402985074626866,22,30,6
4.7403,22272,181.0,64.0,25,88,9
4.0256,11676,78.0,22.35294117647059,25,88,6
4.7364,14005,387.0,65.0,46,21,9
4.7214,20868,463.0,139.0,26,11,9
4.5825,33833,491.0,80.625,26,11,6
4.6058,43908,695.0,17.0,26,11,1
4.215,81586,3660.0,14.84848484848485,26,11,6
3.6667,1475,6.0,10.476190476190476,27,14,7
4.5429,8371,466.0,29.411764705882355,40,104,6
4.5461,4323,932.0,29.411764705882355,40,104,6
4.082,9193,61.0,35.0,40,104,8
4.4367,18320,1367.0,31.25,40,104,8
4.6084,18464,1213.0,21.11111111111111,40,104,8
4.2634,8630,505.0,38.0,40,104,8
4.4274,6965,358.0,130.0,7,114,6
4.8293,2951,82.0,130.0,7,114,6
4.4306,8002,72.0,20.103092783505154,11,134,4
4.3333,1044,3.0,90.74074074074073,8,45,4
4.3466,247406,1956.0,23.529411764705884,21,42,6
4.4943,111647,876.0,19.801980198019802,21,42,9
4.2704,66748,477.0,15.384615384615385,7,55,6
4.346,128462,766.0,13.913043478260871,9,70,4
4.2389,27925,314.0,48.0,24,117,6
4.1879,67363,463.0,20.0,24,117,8
4.7885,35574,1144.0,20.90909090909091,26,38,4
4.4198,5675,131.0,58.0,6,60,9
3.5476,12915,42.0,2.142857142857143,11,134,1
4.4501,194214,1313.0,56.43564356435643,21,42,9
4.613,60064,230.0,41.1764705882353,25,121,4
4.6043,37188,230.0,12.228796844181458,25,121,9
4.0143,3069,419.0,8.75,11,43,0
4.7523,37604,642.0,12.0,21,86,6
4.1818,2447,11.0,11.25,11,43,0
4.2932,61129,498.0,8.8,10,115,1
4.4092,67181,584.0,40.23668639053255,17,7,9
4.5646,60346,356.0,72.0,17,135,9
4.4016,65515,508.0,57.0,17,135,9
3.8734,33410,79.0,80.0,17,7,6
4.6756,65234,561.0,44.0,10,115,9
3.9755,113362,1222.0,21.176470588235293,10,115,8
4.6151,115650,517.0,14.0,18,33,4
4.2536,227950,915.0,1.263157894736842,18,33,3
4.3286,9249,70.0,116.0,12,4,1
1.0,1921,2.0,292.89940828402365,4,84,2
2.9375,9528,32.0,3.5,31,76,6
3.959,65070,268.0,3.0,31,76,5
3.7881,27063,118.0,3.0,31,76,5
3.8488,20692,86.0,3.0,31,76,5
4.7584,5282,149.0,39.0,10,82,9
4.6894,3183,132.0,4.75,10,82,0
4.3814,21036,194.0,42.0,18,33,9
3.8788,12477,33.0,7.5,18,25,0
4.255,12392,298.0,16.47058823529412,17,34,8
4.7508,14733,301.0,73.13432835820895,25,88,9
3.8775,7253,498.0,0.35294117647058826,24,117,8
3.8947,16432,38.0,0.35294117647058826,24,117,8
3.8621,109503,2030.0,0.3235294117647059,24,117,8
1.7143,2892,7.0,6.0,24,117,8
4.4576,50063,1237.0,30.0,26,38,4
3.9939,5205,164.0,59.375,26,38,6
4.2857,10049,14.0,18.78787878787879,26,38,4
4.1818,17636,22.0,85.0,12,13,6
4.5943,69199,1023.0,26.47058823529412,19,32,4
4.3843,14884,575.0,10.4,19,22,0
4.5059,40054,510.0,72.0,28,28,6
3.6084,44442,166.0,15.853658536585368,19,32,4
4.4903,30459,310.0,65.0,18,48,9
3.9959,28219,244.0,96.0,18,48,1
4.1349,14263,430.0,21.176470588235293,6,83,6
3.2759,19595,58.0,40.0,17,7,6
4.0507,14306,217.0,260.0,21,120,1
4.6779,10431,416.0,69.0,12,95,9
4.8,12424,275.0,60.0,12,95,6
4.2663,70433,751.0,58.333333333333336,23,101,3
4.2663,70433,751.0,83.33333333333334,23,101,3
4.4452,21574,155.0,3.8,23,101,0
4.4018,7888,3178.0,31.11111111111111,8,65,6
4.5527,23634,474.0,20.58823529411765,11,54,6
4.6753,1224,77.0,36.470588235294116,7,31,6
3.8214,48038,627.0,0.42857142857142855,5,12,3
4.3559,12648,59.0,11.176470588235295,5,12,8
4.1718,229495,553.0,150.0,27,14,3
4.3398,34173,880.0,52.0,19,32,9
4.52,10158,50.0,5.0,12,1,6
4.8594,4279,192.0,67.32673267326733,7,18,6
4.4359,6259,39.0,26.47058823529412,8,94,6
4.6175,6964,183.0,44.11764705882353,8,94,4
4.3607,3129,219.0,55.88235294117647,8,94,6
4.4933,12076,298.0,135.0,8,94,9
4.4602,2928,176.0,13.23529411764706,8,94,0
4.6319,4967,182.0,13.23529411764706,8,94,0
4.5414,9524,785.0,44.0,16,116,6
4.4097,9929,598.0,6.26865671641791,32,87,6
4.7097,4825,62.0,41.1764705882353,6,100,9
4.3141,8179,277.0,34.11764705882353,24,129,6
4.4348,15389,138.0,11.2,24,129,1
2.5217,2336,23.0,4.3283582089552235,8,112,7
4.2955,7271,423.0,4.3283582089552235,8,112,7
3.1667,2493,6.0,18.125,8,112,7
4.5947,7512,486.0,22.35294117647059,3,132,4
4.4015,2450,396.0,47.87234042553192,3,132,9
4.1765,4526,493.0,20.0,3,132,6
4.315,926,127.0,21.176470588235293,10,82,8
3.9375,22204,16.0,1.1111111111111112,12,13,5
4.2745,21275,102.0,11.0,12,13,0
4.4497,25312,149.0,5.375,9,70,1
4.0513,16300,39.0,5.7407407407407405,9,70,0
4.6071,13722,28.0,5.7407407407407405,9,70,0
4.8109,3810,201.0,16.176470588235293,7,31,0
4.5407,31130,246.0,38.23529411764706,1,85,6
4.4947,27717,190.0,11.25,6,78,0
4.3865,22999,163.0,3.8554216867469875,6,78,0
3.8803,45925,710.0,5.8,27,0,3
4.35,34476,480.0,78.0,25,88,1
4.668,18932,247.0,7.6923076923076925,18,48,0
4.0417,7812,24.0,32.0,15,17,8
3.7143,1761,7.0,21.176470588235293,15,17,8
4.6517,17902,178.0,34.319526627218934,3,29,6
2.4138,11896,29.0,163.63636363636363,15,17,3
4.6145,14332,275.0,46.0,7,125,9
4.5654,7462,191.0,25.88235294117647,7,125,6
4.4107,7104,168.0,31.764705882352942,7,125,6
4.3,4722,130.0,84.0,7,125,1
4.7829,2613,129.0,140.0,17,69,6
4.3061,1891,196.0,185.0,13,3,6
4.6,8083,175.0,8.0,1,47,6
4.6528,6436,193.0,6.4,7,125,0
4.5167,22633,209.0,0.8,12,1,3
4.5405,6295,222.0,34.319526627218934,15,64,6
4.6138,17775,997.0,8.8,15,64,0
4.3431,14460,239.0,22.35294117647059,24,129,8
4.2468,5794,77.0,25.0,24,129,8
4.3243,2559,37.0,29.26829268292683,24,129,4
4.6676,7538,364.0,11.5,10,57,0
3.5714,1914,7.0,19.8,12,4,1
4.4981,15406,261.0,32.0,1,71,9
3.3745,1653,251.0,3.2,9,16,0
4.5,2109,12.0,3.2,9,16,0
4.0248,1685,121.0,3.2,9,16,0
4.0854,1625,246.0,14.705882352941178,9,16,6
3.5,1132,10.0,14.705882352941178,9,16,6
3.4167,2139,24.0,14.705882352941178,9,16,6
4.0615,1995,244.0,20.58823529411765,9,16,6
4.0738,5463,122.0,36.0,9,16,1
4.0625,2274,16.0,17.647058823529413,9,16,6
4.5685,10486,197.0,11.0,7,96,1
4.1364,8649,44.0,11.462450592885377,1,51,7
4.7938,14181,320.0,32.5,46,21,9
4.7029,37363,478.0,62.0,19,32,9
4.2828,37489,435.0,34.0,17,135,6
4.7013,8001,472.0,58.82352941176471,17,69,6
4.5327,11699,214.0,3.3333333333333335,1,46,8
4.0038,3576,266.0,98.0,11,43,9
4.4093,50318,386.0,6.8,18,33,6
4.119,19117,336.0,3.0,18,33,0
4.4164,12301,305.0,16.0,23,101,7
4.7328,18261,393.0,20.0,23,101,9
4.7042,28702,426.0,9.467455621301776,23,101,4
4.7938,19364,354.0,35.294117647058826,21,86,6
3.9314,111248,1530.0,88.0,21,86,1
4.1612,42584,490.0,120.0,28,28,1
4.4228,13288,324.0,3.8805970149253732,11,54,0
4.0795,145959,1170.0,76.0,21,42,1
4.3466,74232,1956.0,0.3088235294117647,21,42,5
4.7491,35549,1917.0,80.0,26,38,9
4.4118,14520,136.0,23.529411764705884,17,34,9
4.5935,6442,433.0,141.1764705882353,8,45,9
3.5949,14637,79.0,4.725897920604915,9,70,0
4.6731,5219,156.0,124.2603550295858,7,114,9
3.6923,5080,13.0,208.955223880597,7,114,1
4.3333,2609,3.0,190.47619047619048,7,114,4
4.5138,13088,617.0,88.0,37,63,9
3.8241,10520,108.0,3.6,36,122,0
3.9638,20843,138.0,25.0,36,122,9
4.1591,6975,88.0,11.764705882352942,36,122,6
3.7753,8204,89.0,18.0,36,122,9
3.7967,16014,123.0,18.0,36,122,9
4.3478,9030,46.0,186.66666666666669,6,100,3
4.6806,20736,720.0,22.35294117647059,6,100,8
3.6316,19547,76.0,45.09803921568627,10,57,6
4.5104,13496,96.0,31.42857142857143,5,12,3
4.5243,18243,103.0,10.5,17,135,0
4.25,1352,4.0,25.88235294117647,1,35,6
5.0,1434,4.0,251.85185185185185,9,79,9
3.0833,6971,12.0,15.0,9,79,9
4.0948,40437,232.0,50.0,3,66,3
5.0,3139,5.0,194.02985074626864,7,114,9
4.1429,11987,14.0,8.648648648648647,5,12,8
4.8,1429,5.0,78.82352941176471,27,14,6
5.0,1725,4.0,83.52941176470588,27,14,6
5.0,1575,2.0,11.11111111111111,7,114,4
3.9231,16706,104.0,78.0,26,38,9
4.2721,53945,816.0,34.07407407407407,17,26,6
5.0,2740,9.0,26.47058823529412,12,4,9
3.6667,2605,12.0,24.5,32,81,6
4.4752,7394,141.0,8.823529411764707,3,29,0
3.9747,3359,79.0,42.5,24,129,6
4.7444,3157,90.0,78.0,31,62,9
4.6771,6631,96.0,44.70588235294118,31,62,6
4.3158,1043,19.0,42.94117647058824,63,15,6
4.1785,2512,1905.0,42.94117647058824,63,15,6
4.75,1998,4.0,285.0,25,68,9
5.0,2397,3.0,24.0,17,69,0
4.496,10426,125.0,8.4,17,26,9
4.0,953,3.0,280.0,17,69,9
4.2131,71421,1530.0,115.0,27,0,9
4.0499,117091,501.0,6.7,39,124,9
4.7023,1920,215.0,49.0,27,0,6
4.8491,12274,285.0,10.0,12,1,0
4.5294,22562,17.0,4.25,5,128,0
4.4734,45805,1242.0,73.52941176470588,25,121,6
4.7094,9061,320.0,15.0,23,101,0
3.0,6923,5.0,36.36363636363637,25,68,10
4.2277,16079,404.0,33.13609467455621,17,7,6
4.1163,105703,576.0,6.8,18,33,0
4.0039,111378,258.0,14.201183431952662,3,66,6
4.455,15126,367.0,35.0,6,89,9
5.0,4043,6.0,32.8,19,22,4
4.738,15369,458.0,46.470588235294116,46,21,8
4.1649,147598,1528.0,199.99999999999997,6,89,1
4.1329,377406,1678.0,16.895,39,124,9
4.4884,2948,43.0,130.0,15,113,1
4.4653,49830,490.0,40.23668639053255,28,28,9
4.8662,4719,142.0,74.0,10,75,9
4.4351,12095,131.0,52.0,10,75,3
4.1304,2743,46.0,52.0,10,75,9
4.8254,4713,63.0,31.952662721893493,10,75,4
4.8103,4762,116.0,96.0,10,75,9
4.8226,14474,327.0,14.5,10,75,0
4.8367,4040,147.0,132.0,10,75,6
4.8367,2737,147.0,120.0,10,75,6
4.8054,4371,221.0,80.0,10,75,6
4.8054,4406,221.0,61.016949152542374,10,75,6
4.3906,23316,256.0,72.0,17,7,9
4.8221,18805,1422.0,59.375,26,38,6
3.7687,23847,147.0,24.11764705882353,13,41,6
4.0156,28294,64.0,6.470588235294118,13,41,0
4.6337,20802,404.0,48.0,24,117,9
4.8712,1610,132.0,110.0,6,49,9
4.126,184162,960.0,32.0,21,42,9
4.371,66952,876.0,920.0,2,52,1
4.685,51053,546.0,69.0,12,107,9
4.4268,35179,403.0,108.0,12,107,1
4.304,183708,3983.0,40.0,21,42,9
4.7712,12586,354.0,94.0,46,21,9
3.9771,20837,218.0,2.3668639053254434,7,55,0
3.92,18692,75.0,4.733727810650887,7,55,0
4.1538,8052,13.0,28.0,26,38,4
4.2572,46053,661.0,28.235294117647058,17,26,6
4.8069,6330,202.0,44.0,7,125,6
4.6151,2188,478.0,5.8,6,6,0
4.5951,3305,736.0,7.555555555555555,6,6,0
4.6545,8647,793.0,15.6,6,6,4
4.6354,3145,491.0,7.8,6,6,0
4.5915,2623,732.0,25.88235294117647,6,6,6
4.7092,3147,478.0,19.5,6,6,4
4.3904,49120,666.0,90.0,19,32,1
4.2656,5408,320.0,9.761904761904761,63,15,0
4.7222,1857,36.0,9.75,15,113,0
4.7872,1084,47.0,28.823529411764707,15,113,9
3.3661,240501,1057.0,1.1851851851851851,1,39,3
4.4506,7224,1671.0,125.0,19,22,9
4.6075,8928,428.0,55.0,46,21,8
4.7952,5775,332.0,73.52941176470588,46,21,6
4.74,3346,150.0,19.02834008097166,7,18,0
4.6052,11764,233.0,23.2,6,103,6
4.6102,2522,59.0,73.52941176470588,8,94,6
4.3103,18090,174.0,269.2307692307692,24,117,8
3.9048,2740,21.0,44.61538461538461,2,110,6
4.2778,3519,18.0,76.47058823529412,2,110,3
4.4413,38546,349.0,86.56716417910447,25,88,9
4.7974,15008,617.0,105.0,32,81,9
4.6667,7315,285.0,36.0,31,62,4
3.6667,4884,15.0,37.5,15,17,8
2.1818,4555,11.0,8.23529411764706,15,17,8
4.6517,713,89.0,395.0,34,23,6
4.2757,4015,1001.0,89.0,17,69,9
4.5603,14258,116.0,44.0,17,34,9
3.958,44425,357.0,50.0,39,124,1
4.3092,29927,456.0,2.5,39,124,0
4.3626,20179,433.0,6.61764705882353,39,124,6
3.4,1864,5.0,85.71428571428572,18,24,3
4.699,3869,196.0,10.303030303030303,7,125,0
4.7273,2368,44.0,99.0,15,113,9
4.2627,39895,434.0,68.0,11,54,1
4.6323,10832,223.0,38.0,11,54,9
4.8378,4691,185.0,32.94117647058824,12,1,4
4.381,3443,126.0,39.18918918918919,24,129,6
4.4094,2895,1038.0,1.2962962962962963,40,104,1
4.5221,14535,1222.0,38.0,40,104,8
4.6388,5303,1052.0,18.36734693877551,40,104,6
4.0,24071,125.0,96.0,17,135,1
4.7416,10573,178.0,9.75,12,1,0
4.7743,8246,257.0,75.0,15,64,9
3.4903,2957,206.0,6.904761904761904,1,74,0
4.3608,4657,158.0,48.0,24,129,9
4.3113,838,151.0,8.333333333333334,6,83,0
4.4051,2529,79.0,8.823529411764707,6,83,0
4.5766,26262,248.0,58.0,21,86,6
4.4933,88258,521.0,5.5,21,86,3
4.0575,70730,522.0,2.6923076923076925,21,86,1
4.2857,5261,7.0,26.0,18,33,8
3.9477,44375,344.0,84.0,18,33,1
4.0553,40725,416.0,10.303030303030303,18,33,0
3.6824,9727,148.0,23.529411764705884,18,33,6
4.0732,14689,205.0,27.0,18,33,6
4.0,20194,59.0,25.0,13,41,8
2.7667,10093,30.0,32.20338983050848,13,41,9
3.3396,32551,53.0,43.0,13,41,9
4.4949,67474,99.0,43.0,13,41,9
4.3176,45339,85.0,43.0,13,41,9
3.8794,60649,340.0,38.0,13,41,6
3.697,16636,66.0,20.58823529411765,13,41,6
4.3906,18567,64.0,14.705882352941178,13,41,6
3.3167,20062,60.0,14.117647058823529,13,41,6
3.8667,14582,45.0,7.272727272727273,13,41,0
3.0806,33135,248.0,5.0,13,41,0
4.4531,1615,192.0,129.41176470588235,13,3,4
4.4778,36195,473.0,128.0,28,28,1
4.7976,3562,168.0,21.463414634146343,21,120,0
4.75,4089,4.0,33.529411764705884,17,69,6
4.5439,41590,228.0,98.0,25,121,9
4.4707,39615,2764.0,14.411764705882353,25,121,5
4.1475,18873,2448.0,10.588235294117647,25,121,5
4.632,39738,413.0,20.0,2,127,6
4.6749,16302,366.0,28.235294117647058,37,63,6
4.4912,5347,509.0,200.0,25,68,6
4.4222,1564,45.0,155.88235294117646,9,105,9
4.7716,4696,162.0,29.411764705882355,27,14,6
4.5141,7946,996.0,83.75,27,14,9
4.75,1421,84.0,65.0,4,123,9
4.8506,1369,87.0,12.727272727272728,4,123,0
4.8667,1806,90.0,38.46153846153846,4,123,6
4.625,2925,136.0,48.57142857142858,1,61,6
4.8215,13102,1361.0,16.4,26,38,6
4.54,6332,200.0,15.0,7,96,0
2.6,3847,10.0,52.94117647058823,7,96,9
4.6564,59557,780.0,8.5,19,32,0
4.8656,67546,253.0,5.6,21,42,0
4.6667,6372,21.0,221.89349112426035,1,133,9
4.245,27328,645.0,24.0,5,12,8
4.42,279791,2669.0,22.941176470588236,37,63,6
3.8894,22409,235.0,16.428571428571427,37,63,8
3.6543,52495,405.0,40.0,37,63,9
4.2694,32215,193.0,2.857142857142857,37,63,0
4.3481,73821,902.0,5.0,37,63,0
3.8243,54762,1070.0,118.0,37,63,1
3.75,12320,88.0,9.285714285714285,37,63,6
3.6667,980,3.0,37.05882352941177,63,15,6
4.2655,1810,177.0,10.837438423645322,6,83,0
4.0687,10433,466.0,80.0,10,57,1
4.5879,28825,381.0,75.0,18,25,9
3.85,3632,60.0,24.705882352941178,18,25,8
5.0,2540,27.0,9.0,4,84,6
4.6098,3070,164.0,42.35294117647059,27,90,6
4.7556,5468,180.0,24.705882352941178,27,90,8
4.2171,67362,281.0,1100.0,26,11,1
4.6537,8605,283.0,1.791044776119403,23,101,0
4.3756,20710,221.0,5.0,26,11,9
4.4778,70932,632.0,6.315789473684211,9,70,6
4.7349,5882,860.0,7.6923076923076925,11,134,5
4.7349,6482,860.0,4.930966469428007,11,134,0
4.4418,34599,464.0,14.5,39,124,9
4.8725,1646,149.0,85.0,27,0,9
4.375,590,200.0,390.0,13,3,9
4.375,1448,200.0,375.0,13,3,9
2.8,8236,25.0,10.0,12,107,0
4.6296,1254,27.0,28.823529411764707,12,4,0
4.471,10722,155.0,24.0,17,34,8
4.5231,6937,65.0,35.0,37,63,9
4.7647,4230,51.0,35.0,37,63,9
5.0,5479,7.0,10.857142857142858,37,63,0
4.4,1651,40.0,52.94117647058824,18,24,6
4.3994,4617,348.0,30.0,63,15,8
4.2154,14913,557.0,2.5,39,124,0
4.2624,17704,503.0,4.090909090909091,39,124,6
4.2767,27019,618.0,8.823529411764707,36,122,8
4.4684,6740,158.0,11.764705882352942,36,122,6
4.1494,4451,328.0,2.8,6,89,1
4.4436,1761,133.0,219.1176470588235,8,45,1
4.7941,2641,170.0,195.0,5,73,9
4.8387,2177,124.0,32.01970443349754,5,73,0
4.619,2904,147.0,270.0,5,73,1
4.1968,3440,188.0,475.0,5,73,3
4.4865,1645,185.0,225.0,5,73,6
3.916,109073,583.0,30.769230769230766,3,66,8
4.6923,5160,13.0,4.626865671641791,17,69,0
4.375,2627,8.0,6.444444444444445,22,30,0
4.6953,45700,663.0,64.70588235294117,19,32,3
2.8,2869,5.0,73.52941176470588,18,48,5
4.5139,10956,1329.0,31.952662721893493,17,7,6
4.4051,76252,669.0,12.903225806451612,5,128,6
3.8603,2080,358.0,116.0,11,43,1
4.8462,1749,52.0,90.0,6,100,9
4.8032,11963,249.0,58.0,18,48,9
4.2119,21605,302.0,8.0,18,33,0
4.4664,14592,223.0,20.58823529411765,21,86,8
4.7801,9625,191.0,12.352941176470589,24,117,8
4.4993,94608,671.0,44.0,21,42,3
4.5766,1607,111.0,16.176470588235293,8,94,0
